Ancestor nt;Number nt;Mutant nt;Ancestor aa;Aa number;Mutant aa;DA  original;DA BFP;DA sYFP2;araE mutation;Selection coefficient;Standard deviation;Standard error;s BFP;s BFP;s BFP;s YFP;s YFP;s YFP;s BFP;s BFP;s BFP;s YFP;s YFP;s YFP;s BFP;s BFP;s BFP;s YFP;s YFP;s YFP;s BFP;s BFP;s BFP;s YFP;s YFP;s YFP
;;;;;;DA36686;DA41884;DA41885;deletion;-0,251;0,012;0,005;-0,262;-0,257;-0,262;-0,237;-0,236;-0,255;;;;;;;;;;;;;;;;;;
C;137;T;A;46;V;DA39874;DA41880, DA45075;DA41881;A46V;-0,194;0,078;0,032;-0,131;-0,121;-0,118;-0,267;-0,267;-0,263;;;;;;;;;;;;;;;;;;
G;115;C;D;39;H;DA42343;DA42503;DA42538;D39H;-0,172;0,006;0,002;-0,175;-0,176;-0,162;-0,177;-0,170;-0,172;;;;;;;;;;;;;;;;;;
T;464;C;L;155;P;DA42342;DA42502;DA42537;L155P;-0,168;0,009;0,004;-0,163;-0,164;-0,180;-0,172;-0,172;-0,156;;;;;;;;;;;;;;;;;;
C;473;G;T;158;R;DA42322;DA42491;DA42526;T158R;-0,150;0,013;0,005;-0,147;-0,126;-0,159;-0,153;-0,157;-0,161;;;;;;;;;;;;;;;;;;
C;604;T;P;202;S;DA42329;DA42496;DA42531;P202S;-0,147;0,007;0,003;-0,145;-0,158;-0,143;-0,144;-0,140;-0,153;;;;;;;;;;;;;;;;;;
G;818;T;G;273;V;DA39831;DA41355;DA41373;G273V;-0,119;0,006;0,002;-0,125;-0,124;-0,122;-0,114;-0,119;-0,110;;;;;;;;;;;;;;;;;;
C;1199;T;S;400;L;DA42359;DA42513;DA42548;S400L;-0,114;0,053;0,024;0,000;-0,063;-0,049;-0,155;-0,146;-0,154;;;;;;;;;;;;;;;;;;
A;392;G;Y;131;C;DA42328;DA42495;DA42530;Y131C;-0,067;0,024;0,010;-0,050;-0,046;-0,040;-0,089;-0,088;-0,091;;;;;;;;;;;;;;;;;;
T;572;A;L;191;H;DA42370;DA42521;DA42556;L191H;-0,063;0,007;0,003;-0,071;-0,056;-0,053;-0,062;-0,065;-0,068;;;;;;;;;;;;;;;;;;
G;373;A;A;125;T;DA39839;DA41359;DA41377;A125T;-0,062;0,016;0,007;-0,084;0,000;-0,070;-0,044;-0,060;-0,050;;;;;;;;;;;;;;;;;;
G;1215;T;W;405;C;DA39835;DA41356;DA41374;W405C;-0,030;0,010;0,004;-0,016;-0,023;-0,025;-0,043;-0,033;-0,038;;;;;;;;;;;;;;;;;;
G;1018;A;V;340;M;DA42319;DA42488;DA42523;V340M;-0,020;0,006;0,003;-0,019;-0,016;-0,029;-0,015;-0,024;0,000;;;;;;;;;;;;;;;;;;
G;553;A;A;185;T;DA42367;DA42519;DA42554;A185T;-0,017;0,009;0,004;-0,019;-0,024;-0,022;-0,024;-0,004;-0,007;;;;;;;;;;;;;;;;;;
G;4;A;V;2;I;DA42355;DA42510;DA42545;V2I;-0,016;0,013;0,005;-0,039;-0,010;-0,010;-0,024;-0,004;-0,007;;;;;;;;;;;;;;;;;;
G;976;T;A;326;S;DA42323;DA42492;DA42527;A326S;-0,012;0,002;0,001;-0,015;-0,015;-0,013;-0,009;-0,011;-0,011;;;;;;;;;;;;;;;;;;
T;745;C;F;249;L;DA42321;DA42490;DA42525;F249L;-0,011;0,004;0,002;-0,008;-0,009;-0,007;-0,013;-0,018;-0,011;;;;;;;;;;;;;;;;;;
T;1085;A;V;362;D;DA39844;DA41361;DA41379;V362D;-0,009;0,002;0,001;-0,009;-0,011;-0,009;-0,013;0,000;-0,006;;;;;;;;;;;;;;;;;;
A;712;T;S;238;C;DA42360;DA42514, DA45445;DA42549, DA45446;S238C;-0,008;0,004;0,001;-0,011;-0,007;-0,005;-0,006;-0,001;-0,004;-0,010;-0,011;-0,010;-0,009;-0,006;-0,015;;;;;;;;;;;;
A;710;G;E;237;G;DA39830;DA41354;DA41372;E237G;-0,006;0,003;0,001;-0,007;-0,002;-0,004;-0,008;-0,008;-0,008;;;;;;;;;;;;;;;;;;
A;677;T;E;226;V;DA39872;DA41366;DA41384;E226V;-0,006;0,002;0,001;-0,004;-0,007;-0,004;-0,008;-0,008;-0,006;;;;;;;;;;;;;;;;;;
T;1097;A;M;366;K;39254, 46025;DA41216, DA46032;DA41228, DA46035;M366K;-0,006;0,007;0,002;0,005;0,001;0,005;-0,005;-0,004;-0,005;-0,010;-0,012;-0,022;-0,004;-0,005;-0,002;-0,013;-0,013;-0,005;;;;;;;;;
C;1274;T;A;425;V;DA42366;DA42518;DA42553;A425V;-0,004;0,005;0,002;-0,006;-0,009;-0,004;-0,008;0,002;0,002;;;;;;;;;;;;;;;;;;
G;508;T;A;170;S;DA39849;DA41362;DA41380;A170S;-0,003;0,005;0,002;-0,004;-0,005;-0,006;0,002;-0,008;0,005;;;;;;;;;;;;;;;;;;
A;1059;T;syn A (GCA->GCT);353;;DA39255, DA45098;DA41217, DA45106;DA41229, DA45110;syn A353 (GCA->GCT);-0,003;0,003;0,001;-0,009;-0,003;-0,003;-0,003;-0,008;-0,003;;;;;;;;;;;;;;;;;;
G;1135;A;V;379;M;DA42349;DA42506;DA42541;V379M;-0,002;0,002;0,001;-0,003;0,000;-0,004;0,001;-0,003;0,001;;;;;;;;;;;;;;;;;;
G;739;A;A;247;T;DA39873;DA41367;DA41385;A247T;-0,002;0,004;0,001;-0,006;-0,005;0,003;0,001;0,001;-0,004;;;;;;;;;;;;;;;;;;
G;141;A;syn L (CTG->CTA);47;;DA42361;DA42515;DA42550;syn L47 (CTG->CTA);-0,002;0,002;0,001;-0,002;0,000;-0,005;-0,002;-0,001;-0,001;;;;;;;;;;;;;;;;;;
C;1296;T;syn T (ACC->ACT);432;;DA42353;DA42509;DA42544;syn T432 (ACC->ACT);-0,002;0,001;0,001;0,000;0,000;-0,001;-0,002;-0,003;-0,003;;;;;;;;;;;;;;;;;;
G;258;A;syn L (CTA->CTG);86;;DA42357;DA42512;DA42547;syn L86 (CTA->CTG);-0,001;0,002;0,001;-0,002;-0,003;0,000;0,003;-0,003;-0,003;;;;;;;;;;;;;;;;;;
G;642;A;syn A (GCG->GCA);214;;DA39245;DA41214;DA41226;syn A214 (GCG->GCA);-0,001;0,002;0,001;-0,003;0,001;0,001;-0,003;0,000;-0,003;;;;;;;;;;;;;;;;;;
G;1088;A;G;363;E;DA39828;DA41353;DA41371;G363E;-0,001;0,004;0,002;0,000;0,001;0,003;-0,008;0,000;-0,001;;;;;;;;;;;;;;;;;;
G;255;C;synR (CGG->CGC);85;;DA39236;DA41210;DA41222;syn R85 (CGG->CGC);-0,001;0,003;0,001;-0,002;0,002;0,003;-0,002;-0,004;-0,002;;;;;;;;;;;;;;;;;;
G;751;A;A;251;T;DA39838;DA41358;DA41376;A251T;0,000;0,003;0,001;-0,004;-0,003;0,000;0,001;0,000;0,003;;;;;;;;;;;;;;;;;;
C;192;A;syn V (GTC->GTA);64;;DA42362;DA42516;DA42551;syn V64 (GTC->GTA);0,000;0,004;0,002;-0,005;-0,001;0,005;0,004;0,001;-0,006;;;;;;;;;;;;;;;;;;
T;84;A;syn S (TCT->TCA);28;;DA42356;DA42511;DA42546;syn S28 (TCT->TCA);0,000;0,003;0,001;0,005;0,000;-0,004;0,000;0,001;-0,002;;;;;;;;;;;;;;;;;;
C;1333;T;syn L(CTG->TTG);445;;DA39826;DA41351;DA41369;syn L445 (CTG->TTG);0,000;0,002;0,001;0,000;0,001;-0,001;0,000;-0,002;0,004;;;;;;;;;;;;;;;;;;
G;544;A;G;182;S;DA42369;DA42520;DA42555;G182S;0,000;0,004;0,002;-0,001;0,008;0,000;-0,004;0,002;-0,003;;;;;;;;;;;;;;;;;;
C;43;T;L;15;F;DA39870;DA41365;DA41383;L15F;0,001;0,002;0,001;0,001;0,000;0,004;0,002;-0,002;0,000;;;;;;;;;;;;;;;;;;
G;961;A;A;321;T;DA39240;DA41211;DA41223;A321T;0,001;0,006;0,003;-0,002;-0,002;-0,004;0,011;0,002;0,000;;;;;;;;;;;;;;;;;;
C;790;T;syn L (CTG->TTG);264;;DA39244;DA41213;DA41225;syn L264 (CTG->TTG);0,001;0,003;0,001;-0,002;-0,001;-0,001;0,004;0,003;0,003;;;;;;;;;;;;;;;;;;
G;1389;T;syn A (GCG->GCA);463;;DA39842;DA41360;DA41378;syn A463 (GCG->GCA);0,001;0,003;0,001;0,003;0,003;0,003;0,001;0,001;-0,004;;;;;;;;;;;;;;;;;;
T;159;C;syn H (CAT->CAC);53;;DA42350;DA42507;DA42542;syn H53 (CAT->CAC);0,001;0,003;0,001;0,002;0,003;0,004;0,001;-0,004;0,002;;;;;;;;;;;;;;;;;;
C;1392;T;syn G (GGC->GGT);464;;DA39851;DA41363;DA41381;syn G464 (GGC->GGT);0,001;0,003;0,001;0,003;0,004;0,004;-0,001;-0,002;0,000;;;;;;;;;;;;;;;;;;
C;1284;A;F;428;L;DA42324;DA42493;DA42528;F428L;0,001;0,001;0,000;0,001;0,002;0,003;0,000;0,001;0,000;;;;;;;;;;;;;;;;;;
G;1084;A;V;362;I;DA42364;DA42517;DA42552;V362I;0,001;0,001;0,001;0,002;0,002;0,003;0,000;0,001;0,000;;;;;;;;;;;;;;;;;;
C;253;A;syn R (CGG->AGG);85;;DA42346;DA42505;DA42540;syn R85 (CGG->AGG);0,001;0,003;0,001;-0,004;-0,001;0,001;0,006;0,004;0,002;;;;;;;;;;;;;;;;;;
C;1147;T;syn L (CTG->TTG);383;;DA42352;DA42508;DA42543;syn L383 (CTG->TTG);0,001;0,001;0,001;0,001;0,002;0,003;0,000;0,000;0,003;;;;;;;;;;;;;;;;;;
C;1359;A;syn T (ACC->ACA);453;;DA42340;DA42501;DA42536;syn T453 (ACC->ACA);0,002;0,001;0,000;0,001;0,003;0,002;0,002;0,000;0,002;;;;;;;;;;;;;;;;;;
G;1398;A;syn K (AAG->AAA);466;;DA42334;DA42498;DA42533;syn K466 (AAG->AAA);0,002;0,002;0,001;0,001;0,003;0,001;0,006;0,000;0,001;;;;;;;;;;;;;;;;;;
C;652;T;syn L (CTG->TTG);218;;DA42372;DA42522;DA42557;syn L218 (CTG->TTG);0,002;0,005;0,002;0,005;0,002;0,003;0,006;0,006;-0,007;;;;;;;;;;;;;;;;;;
G;340;A;V;114;I;DA42320;DA42489;DA42524;V114I;0,003;0,002;0,001;0,005;0,001;0,005;0,004;-0,001;0,004;;;;;;;;;;;;;;;;;;
C;1013;T;T;338;I;DA39827, DA45105;DA41352, DA45109;DA41370, DA45113;T338I;0,006;0,005;0,001;0,001;0,002;0,003;-0,001;0,002;0,007;0,013;0,012;0,017;0,001;0,002;0,007;0,009;0,009;0,009;0,006;0,007;;;;;;;
G;91;A;V;31;I;DA42339, DA45100;DA42500, DA46305;DA42535, DA46306;V31I;0,006;0,004;0,001;0,001;0,003;0,010;0,013;0,010;0,012;0,001;0,002;0,002;0,010;0,009;0,012;0,006;0,005;0,007;0,010;0,000;0,002;0,006;0,009;0,007;0,002;0,004;-0,002
G;770;A;R;257;H;DA42326, DA44038;DA42494, DA45077;DA42529, DA45079;R257H;0,013;0,005;0,001;0,009;0,009;0,012;0,020;0,028;0,016;0,010;0,010;0,013;0,007;0,008;0,009;0,014;0,013;0,013;0,012;0,010;0,012;;;;;;
;;;;;;;;;;Average s;Average SD;Average SEM;;;;;;;;;;;;;;;;;;;;;;;;
;;;;;;;;;;-0,0254;0,0071;0,0029;;;;;;;;;;;;;;;;;;;;;;;;